{
    "rmse": 0.6990623965020994,
    "mae": 0.5609797568002729,
    "r2": 0.2893810155999549
}