{
    "rmse": 0.7163660460389102,
    "mae": 0.5589514444519952,
    "r2": 0.24172684877925166
}